"Year","Pack","PackYear","WhelpDate","WhelpYday","PackSize","littersize","yrlsurv","Rain_PostDenningMonths","Rain_DenningMonths","mean_conception_temp","mean_max_conception_temp","mean_postdenning_temp","mean_max_postdenning_temp","mean_denning_temp","mean_max_denning_temp","mean_whelping_temp","max_whelping_temp","Rain_WhelpMonth","Rain_ConceptionMonth","WhelpDaysBeforeNadir","yearly_temp_mean","yearly_temp_max","denning_temp_mean","denning_temp_max","Sep_temp_mean","Sep_temp_max","May_temp_mean","May_temp_max","March_temp_mean","March_temp_max","May_rain","March_rain","prev_Sep_rain","Annual_rain","prev_yearly_temp_mean","prev_yearly_temp_max","prev_Annual_rain"
1989,"MBOMA","MBOMA-1989",1989-05-01,121,11,10,2,153.5,5.6,24.8913229024448,27.8345564084058,27.9937892144243,33.0289052692948,20.291257990999,26.4704577735856,23.3851292420183,28.2728313170895,3.7,128.1,80,26.628338828178,47.10895,NA,NA,NA,NA,23.1106249593782,33.99522,27.0002274830972,40.7264454145221,3.7,23.1,8,411,NA,NA,492
1990,"MBOMA","MBOMA-1990",1990-04-23,113,8,12,0,211.8,39.4,28.1813574444444,33.37276,28.1042587531055,33.0380786840644,23.2427500393773,28.7646425274725,26.4647558333333,30.24168,38.2,50.5,69,28.2943906652968,46.76127,23.001800994057,47.10895,29.5773547777778,47.10895,24.4913061021505,35.12472,29.546352983871,40.61138,1,49.8,0.2,287.7,26.628338828178,47.10895,411
1990,"MABABE","MABABE-1990",1990-05-01,121,NA,11,7,211.8,1.2,30.5236780555556,36.1627386666667,28.0981557129889,33.0347792837313,22.9226555796703,28.5982294505495,25.2428725,32.27283,1,50.5,61,28.2943906652968,46.76127,23.001800994057,47.10895,29.5773547777778,47.10895,24.4913061021505,35.12472,29.546352983871,40.61138,1,49.8,0.2,287.7,26.628338828178,47.10895,411
1990,"NIGHT","NIGHT-1990",1990-05-21,141,11,6,0,304.5,1.4,30.3932658333333,35.801722,28.0680400856338,33.0188109938923,22.5128893717949,28.259621978022,23.8938983333333,31.56312,1,49.8,41,28.2943906652968,46.76127,23.001800994057,47.10895,29.5773547777778,47.10895,24.4913061021505,35.12472,29.546352983871,40.61138,1,49.8,0.2,287.7,26.628338828178,47.10895,411
1991,"MABABE","MABABE-1991",1991-05-05,125,NA,NA,NA,166.9,0.8,31.0707238333333,37.131684,27.9502231711423,32.8132037645752,21.5466573501831,27.6941179120879,26.4146966666667,29.87276,0.2,92.7,36,27.7029533007763,47.42096,24.6956265980392,44.2669,30.1475039444444,44.2669,23.955821827957,34.80612,27.4905357258065,43.70773,0.2,79.3,0.6,448.3,28.2943906652968,46.76127,287.7
1991,"COLOR","COLOR-1991",1991-05-14,134,2,10,0,187.1,0.8,32.8203088333333,39.4248506666667,27.918457777796,32.782523053859,21.4456416084249,27.6609406593407,21.4488033333333,26.46209,0.2,79.3,27,27.7029533007763,47.42096,24.6956265980392,44.2669,30.1475039444444,44.2669,23.955821827957,34.80612,27.4905357258065,43.70773,0.2,79.3,0.6,448.3,28.2943906652968,46.76127,287.7
1991,"MBOMA","MBOMA-1991",1991-05-18,138,8,12,7,187.1,0.8,31.8974401111111,37.93579,27.9042930409831,32.7675154192115,21.4419993465201,27.6497694505494,22.9211983333333,28.54884,0.2,79.3,23,27.7029533007763,47.42096,24.6956265980392,44.2669,30.1475039444444,44.2669,23.955821827957,34.80612,27.4905357258065,43.70773,0.2,79.3,0.6,448.3,28.2943906652968,46.76127,287.7
1991,"STW","STW-1991",1991-05-22,142,6,9,0,187.1,0.8,29.1615416666667,33.85494,27.8924732624804,32.7483804441977,21.6039510598901,27.8650308791209,23.95013,31.96829,0.2,79.3,19,27.7029533007763,47.42096,24.6956265980392,44.2669,30.1475039444444,44.2669,23.955821827957,34.80612,27.4905357258065,43.70773,0.2,79.3,0.6,448.3,28.2943906652968,46.76127,287.7
1991,"NIGHT","NIGHT-1991",1991-05-25,145,12,14,0,187.1,0.8,27.6905223888889,31.5154273333333,27.8800191716975,32.7325440255414,21.7887498144689,27.9664807692308,23.7536908333333,31.20841,0.2,79.3,16,27.7029533007763,47.42096,24.6956265980392,44.2669,30.1475039444444,44.2669,23.955821827957,34.80612,27.4905357258065,43.70773,0.2,79.3,0.6,448.3,28.2943906652968,46.76127,287.7
1991,"GHOST","GHOST-1991",1991-05-29,149,4,5,5,187.1,0.8,25.9942701666667,29.4014946666667,27.8657399360877,32.7169249250416,22.0982177173993,28.2312942857143,21.7966975,26.44683,0.2,79.3,12,27.7029533007763,47.42096,24.6956265980392,44.2669,30.1475039444444,44.2669,23.955821827957,34.80612,27.4905357258065,43.70773,0.2,79.3,0.6,448.3,28.2943906652968,46.76127,287.7
1991,"XAK","XAK-1991",1991-06-11,162,2,6,1,232.9,2.9,25.8177162179487,30.808732,27.8315776274166,32.6738261077179,23.5356941413919,29.9084824175824,17.3108625,20.33016,0.6,79.3,-1,27.7029533007763,47.42096,24.6956265980392,44.2669,30.1475039444444,44.2669,23.955821827957,34.80612,27.4905357258065,43.70773,0.2,79.3,0.6,448.3,28.2943906652968,46.76127,287.7
1991,"MOGOG","MOGOG-1991",1991-06-25,176,9,10,5,232.9,2.9,26.0193394957265,31.0500953333333,27.7815376810904,32.6202779455858,25.5531194738095,31.736467032967,24.6745183333333,32.22669,0.6,1.8,-15,27.7029533007763,47.42096,24.6956265980392,44.2669,30.1475039444444,44.2669,23.955821827957,34.80612,27.4905357258065,43.70773,0.2,79.3,0.6,448.3,28.2943906652968,46.76127,287.7
1992,"NIGHT","NIGHT-1992",1992-04-29,120,17,11,0,169.7,10.9,35.0178127222222,40.2199026666667,27.3139930560137,31.9942137923376,23.1472316724359,28.9714530769231,25.5637908333333,29.72429,10.6,20.2,69,28.8114928875911,50.46082,24.6625271336601,43.09905,32.2789401388889,43.09905,25.5357369086021,37.31784,29.0062913172043,45.53454,0.2,45.8,2.3,223.4,27.7029533007763,47.42096,448.3
1992,"NG","NG-1992",1992-05-10,131,4,7,7,242.4,0.4,35.1978645555556,41.1725706666667,27.2909171225508,31.9601942865075,22.6920538500916,28.4782556043956,27.3664566666667,32.07188,0.2,20.2,58,28.8114928875911,50.46082,24.6625271336601,43.09905,32.2789401388889,43.09905,25.5357369086021,37.31784,29.0062913172043,45.53454,0.2,45.8,2.3,223.4,27.7029533007763,47.42096,448.3
1992,"MOGOG","MOGOG-1992",1992-05-16,137,5,10,11,242.4,0.4,34.7657878333333,41.0172606666667,27.2794347142128,31.9487495058301,22.428807815293,28.231573956044,24.9695033333333,30.29901,0.2,45.8,52,28.8114928875911,50.46082,24.6625271336601,43.09905,32.2789401388889,43.09905,25.5357369086021,37.31784,29.0062913172043,45.53454,0.2,45.8,2.3,223.4,27.7029533007763,47.42096,448.3
1992,"MBOMA","MBOMA-1992",1992-05-23,144,12,8,7,242.4,0.4,31.4267727777778,36.39252,27.2691935216809,31.9432738756247,22.4252233445971,28.2144551648352,23.511735,31.42442,0.2,45.8,45,28.8114928875911,50.46082,24.6625271336601,43.09905,32.2789401388889,43.09905,25.5357369086021,37.31784,29.0062913172043,45.53454,0.2,45.8,2.3,223.4,27.7029533007763,47.42096,448.3
1992,"JESS","JESS-1992",1992-05-27,148,2,6,3,242.4,0.4,28.0616928333333,31.7561326666667,27.2644046488325,31.9329213492504,22.5145863391026,28.3522347252747,24.4747166666667,29.89095,0.2,45.8,41,28.8114928875911,50.46082,24.6625271336601,43.09905,32.2789401388889,43.09905,25.5357369086021,37.31784,29.0062913172043,45.53454,0.2,45.8,2.3,223.4,27.7029533007763,47.42096,448.3
1992,"MABII","MABII-1992",1992-05-29,150,6,6,NA,242.4,0.4,26.2463848333333,29.3686086666667,27.2607835021547,31.9318745363687,22.6295324929487,28.4275325274725,23.1717308333333,28.20781,0.2,45.8,39,28.8114928875911,50.46082,24.6625271336601,43.09905,32.2789401388889,43.09905,25.5357369086021,37.31784,29.0062913172043,45.53454,0.2,45.8,2.3,223.4,27.7029533007763,47.42096,448.3
1992,"STW","STW-1992",1992-06-06,158,12,9,0,261.9,0.8,25.1368968333333,28.2021813333333,27.2264132259193,31.9062304941699,23.054699782326,28.7448961538462,23.468775,28.20297,0.1,45.8,31,28.8114928875911,50.46082,24.6625271336601,43.09905,32.2789401388889,43.09905,25.5357369086021,37.31784,29.0062913172043,45.53454,0.2,45.8,2.3,223.4,27.7029533007763,47.42096,448.3
1992,"GOMOTI","GOMOTI-1992",1992-06-15,167,5,9,5,261.9,0.8,26.8986085512821,30.8254833333333,27.1962104061895,31.8741565907829,24.0337488445971,29.746750989011,19.4936758333333,25.66175,0.1,10.6,22,28.8114928875911,50.46082,24.6625271336601,43.09905,32.2789401388889,43.09905,25.5357369086021,37.31784,29.0062913172043,45.53454,0.2,45.8,2.3,223.4,27.7029533007763,47.42096,448.3
1992,"CHIT","CHIT-1992",1992-06-19,171,7,9,NA,261.9,0.8,27.1416337179487,31.2460006666667,27.1864263843498,31.8653546640755,24.5552439947802,30.1885425274725,20.43764225,27.39861,0.1,10.6,18,28.8114928875911,50.46082,24.6625271336601,43.09905,32.2789401388889,43.09905,25.5357369086021,37.31784,29.0062913172043,45.53454,0.2,45.8,2.3,223.4,27.7029533007763,47.42096,448.3
1992,"GHOST","GHOST-1992",1992-06-29,181,7,10,NA,261.9,0.8,28.4462303333333,33.4548926666667,27.153747376854,31.8307140533037,25.671995517674,31.0607515384615,20.0477145,27.83352,0.1,10.6,8,28.8114928875911,50.46082,24.6625271336601,43.09905,32.2789401388889,43.09905,25.5357369086021,37.31784,29.0062913172043,45.53454,0.2,45.8,2.3,223.4,27.7029533007763,47.42096,448.3
1993,"MBOMA","MBOMA-1993",1993-05-13,133,11,12,1,330.1,4.8,27.7531420555556,32.5370193333333,27.3939084124611,32.1012848972793,22.3553334864469,27.8632410989011,26.9624883333333,31.98675,3.3,19.6,32,27.1826053121461,45.90471,25.1107308236928,38.24874,31.5277278611111,38.24874,25.050137016129,33.87904,27.8549086021505,36.80469,3.3,19.6,0.6,304.3,28.8114928875911,50.46082,223.4
1993,"NIGHT","NIGHT-1993",1993-05-18,138,13,14,0,330.1,4.8,28.2383977222222,33.2538193333333,27.3873535523834,32.1013315602443,22.2722556201465,27.6698237362637,21.8533975,27.49092,3.3,19.6,27,27.1826053121461,45.90471,25.1107308236928,38.24874,31.5277278611111,38.24874,25.050137016129,33.87904,27.8549086021505,36.80469,3.3,19.6,0.6,304.3,28.8114928875911,50.46082,223.4
1993,"STW","STW-1993",1993-06-06,157,16,12,5,345.9,5,27.7577181111111,32.1724926666667,27.364201181432,32.0697532370905,22.8161228454212,28.0789027472527,22.5843733333333,28.68069,0.4,19.6,8,27.1826053121461,45.90471,25.1107308236928,38.24874,31.5277278611111,38.24874,25.050137016129,33.87904,27.8549086021505,36.80469,3.3,19.6,0.6,304.3,28.8114928875911,50.46082,223.4
1993,"MOGOG","MOGOG-1993",1993-06-07,158,12,12,7,345.9,5,27.5673681666667,31.9661246666667,27.3635196827276,32.0691378289839,22.8747911512821,28.1396125274725,23.2055541666667,29.74158,0.4,19.6,7,27.1826053121461,45.90471,25.1107308236928,38.24874,31.5277278611111,38.24874,25.050137016129,33.87904,27.8549086021505,36.80469,3.3,19.6,0.6,304.3,28.8114928875911,50.46082,223.4
1993,"NEGRO","NEGRO-1993",1993-06-16,167,10,12,8,345.9,5,24.7238108974359,27.8616366666667,27.3602142153946,32.0564664019989,23.7794011723443,28.9467974725275,19.7153073333333,28.54402,0.4,20.7,-2,27.1826053121461,45.90471,25.1107308236928,38.24874,31.5277278611111,38.24874,25.050137016129,33.87904,27.8549086021505,36.80469,3.3,19.6,0.6,304.3,28.8114928875911,50.46082,223.4
1993,"GOMOTI","GOMOTI-1993",1993-06-24,175,10,6,0,345.9,5,24.8635175555556,28.2182793333333,27.3286268019206,32.0194973070516,24.7535603827839,29.7645287912088,19.2727106666667,26.07424,0.4,20.7,-10,27.1826053121461,45.90471,25.1107308236928,38.24874,31.5277278611111,38.24874,25.050137016129,33.87904,27.8549086021505,36.80469,3.3,19.6,0.6,304.3,28.8114928875911,50.46082,223.4
1994,"LUNA","LUNA-1994",1994-05-01,121,10,11,6,116.6,0.6,26.9867225,31.676738,27.1137772150365,31.676544469739,21.3649948360806,26.8460927472527,26.1234725,31.62824,0.3,70.1,60,27.6343851760274,46.85453,24.5336271389978,39.49879,30.0754775277778,39.49879,24.5323741129032,34.2519,30.5827722311828,40.6125,0.3,16,3.5,291,27.1826053121461,45.90471,304.3
1994,"GOMOTI","GOMOTI-1994",1994-05-17,137,7,12,NA,165.8,0.6,30.0754273888889,35.2621093333333,27.0742629886807,31.6321205108273,21.2673349826007,26.6404414285714,25.2665825,30.61698,0.3,16,44,27.6343851760274,46.85453,24.5336271389978,39.49879,30.0754775277778,39.49879,24.5323741129032,34.2519,30.5827722311828,40.6125,0.3,16,3.5,291,27.1826053121461,45.90471,304.3
1994,"DANG","DANG-1994",1994-06-02,153,NA,NA,NA,165.8,0.3,30.5772074444444,36.0926446666667,27.0386755139907,31.5988889006108,21.8738473086081,27.1850865934066,20.7075483333333,25.21149,0.3,16,28,27.6343851760274,46.85453,24.5336271389978,39.49879,30.0754775277778,39.49879,24.5323741129032,34.2519,30.5827722311828,40.6125,0.3,16,3.5,291,27.1826053121461,45.90471,304.3
1994,"NEGRO","NEGRO-1994",1994-06-05,156,19,13,4,222.6,0.6,30.3216096111111,35.8935673333333,27.0315861506741,31.5918021210439,22.0949709166667,27.37481,21.3399208333333,29.76518,0.3,16,25,27.6343851760274,46.85453,24.5336271389978,39.49879,30.0754775277778,39.49879,24.5323741129032,34.2519,30.5827722311828,40.6125,0.3,16,3.5,291,27.1826053121461,45.90471,304.3
1994,"STW","STW-1994",1994-06-06,157,14,11,2,222.6,0.6,30.3578913333333,35.7359413333333,27.0290451618715,31.5908743475847,22.1825276291209,27.4203078021978,20.9126125,25.26721,0.3,16,24,27.6343851760274,46.85453,24.5336271389978,39.49879,30.0754775277778,39.49879,24.5323741129032,34.2519,30.5827722311828,40.6125,0.3,16,3.5,291,27.1826053121461,45.90471,304.3
1994,"MOGOG","MOGOG-1994",1994-06-07,158,17,13,9,222.6,0.6,30.4766095641026,35.7951073333333,27.0261885248181,31.5885992059967,22.2850883617216,27.5244625274725,19.3774258333333,23.14346,0.3,16,23,27.6343851760274,46.85453,24.5336271389978,39.49879,30.0754775277778,39.49879,24.5323741129032,34.2519,30.5827722311828,40.6125,0.3,16,3.5,291,27.1826053121461,45.90471,304.3
1994,"LUCK","LUCK-1994",1994-06-15,166,6,NA,0,222.6,0.6,29.6380102307692,34.436002,27.0054822440481,31.5652420210994,23.0857844304029,28.3705871428571,19.6201078333333,24.23204,0.3,5.5,15,27.6343851760274,46.85453,24.5336271389978,39.49879,30.0754775277778,39.49879,24.5323741129032,34.2519,30.5827722311828,40.6125,0.3,16,3.5,291,27.1826053121461,45.90471,304.3
1995,"NEGRO","NEGRO-1995",1995-05-03,123,30,14,NA,287.5,7.1,30.1552513333333,35.2596873333333,26.3491318404392,30.7071234536369,21.6513882212454,26.7532643956044,21.7124533333333,23.66046,7,49.2,45,28.3825130088128,49.39841,24.226131209695,42.89999,31.1161571944444,42.89999,23.033651155914,31.3774,29.5930578494624,39.63231,7,56.8,0.3,325.5,27.6343851760274,46.85453,291
1995,"KIPLINGS","KIPLINGS-1995",1995-05-16,136,7,9,NA,393.4,7.1,31.3963308333333,35.5749006666667,26.3080600691547,30.6636585785675,21.619976582967,26.9614452747253,23.6916216666667,27.43354,7,56.8,32,28.3825130088128,49.39841,24.226131209695,42.89999,31.1161571944444,42.89999,23.033651155914,31.3774,29.5930578494624,39.63231,7,56.8,0.3,325.5,27.6343851760274,46.85453,291
1995,"DANG","DANG-1995",1995-05-30,150,15,16,9,393.4,7.1,30.520695,35.359406,26.2441071712277,30.6000083064964,22.6063777001831,28.2870586813187,23.7402758333333,28.10079,7,56.8,18,28.3825130088128,49.39841,24.226131209695,42.89999,31.1161571944444,42.89999,23.033651155914,31.3774,29.5930578494624,39.63231,7,56.8,0.3,325.5,27.6343851760274,46.85453,291
1995,"STW","STW-1995",1995-06-01,152,9,10,NA,393.4,0.1,29.6397665555556,34.335274,26.2339900895138,30.5894998334259,22.7608412441392,28.4274796703297,21.9554075,27.3043,0,56.8,16,28.3825130088128,49.39841,24.226131209695,42.89999,31.1161571944444,42.89999,23.033651155914,31.3774,29.5930578494624,39.63231,7,56.8,0.3,325.5,27.6343851760274,46.85453,291
1995,"MOGOG","MOGOG-1995",1995-06-09,160,14,10,NA,407.2,2.3,25.0689076153846,28.5808753333333,26.1924124750866,30.5464459744586,23.519295575641,29.3163228571429,21.3032616666667,26.19951,0,56.8,8,28.3825130088128,49.39841,24.226131209695,42.89999,31.1161571944444,42.89999,23.033651155914,31.3774,29.5930578494624,39.63231,7,56.8,0.3,325.5,27.6343851760274,46.85453,291
1995,"MOPANE","MOPANE-1995",1995-06-16,167,4,8,NA,407.2,2.3,25.6959031153846,29.0796626666667,26.1622302582626,30.5072073736813,24.2189356195971,29.9611007692308,18.3199480833333,22.98741,0,10.6,1,28.3825130088128,49.39841,24.226131209695,42.89999,31.1161571944444,42.89999,23.033651155914,31.3774,29.5930578494624,39.63231,7,56.8,0.3,325.5,27.6343851760274,46.85453,291
1996,"KAHLUA","KAHLUA-1996",1996-05-21,142,NA,NA,NA,318.5,11.7,27.0265709444444,31.2670673333333,26.0045115973825,30.2623890061077,21.0199933985348,26.3260931868132,22.7938966666667,27.47239,10.5,13.9,48,26.7032711842441,45.26025,24.4002817911765,43.65648,30.4749301388889,43.65648,23.202447016129,31.95695,26.9137947311828,35.10385,10.5,13.9,2.2,420.4,28.3825130088128,49.39841,325.5
1996,"DANG","DANG-1996",1996-05-30,151,NA,NA,NA,318.5,11.7,27.0589565,31.646122,25.9596036765052,30.2128133092726,21.7445512556777,27.0660752747253,21.82083,27.16294,10.5,13.9,39,26.7032711842441,45.26025,24.4002817911765,43.65648,30.4749301388889,43.65648,23.202447016129,31.95695,26.9137947311828,35.10385,10.5,13.9,2.2,420.4,28.3825130088128,49.39841,325.5
1996,"N.MAX","N.MAX-1996",1996-06-01,153,NA,NA,NA,318.5,1.2,27.1548058888889,31.6394513333333,25.9535920463923,30.2066116601888,21.8185088838828,27.1242831868132,24.9235533333333,33.26425,0.1,13.9,37,26.7032711842441,45.26025,24.4002817911765,43.65648,30.4749301388889,43.65648,23.202447016129,31.95695,26.9137947311828,35.10385,10.5,13.9,2.2,420.4,28.3825130088128,49.39841,325.5
1996,"MAXWEE","MAXWEE-1996",1996-07-02,184,NA,NA,NA,429.1,3.7,26.1897607222222,30.7695333333333,25.8888217747377,30.1456801610217,24.9860969424908,30.2247774725275,17.50233575,25.19718,1,13.5,6,26.7032711842441,45.26025,24.4002817911765,43.65648,30.4749301388889,43.65648,23.202447016129,31.95695,26.9137947311828,35.10385,10.5,13.9,2.2,420.4,28.3825130088128,49.39841,325.5
1997,"N.MOG","N.MOG-1997",1997-05-20,140,5,11,0,288.3,11.4,26.0743003333333,29.7838133333333,26.2695323825616,30.6355075013881,20.6498010058608,25.5696534065934,21.7603483333333,28.14462,10.5,110.7,9,25.6906051480365,45.96173,23.6789343252723,41.38853,29.6159367777778,41.38853,20.4764902096774,30.28213,25.0983229569892,34.55943,10.5,110.7,2.6,437.6,26.7032711842441,45.26025,420.4
1997,"DANG","DANG-1997",1997-05-21,141,21,15,7,288.3,11.4,25.8203752222222,29.3264326666667,26.2673492977476,30.6352284897279,20.6976953282051,25.5952967032967,21.0142225,25.63294,10.5,110.7,8,25.6906051480365,45.96173,23.6789343252723,41.38853,29.6159367777778,41.38853,20.4764902096774,30.28213,25.0983229569892,34.55943,10.5,110.7,2.6,437.6,26.7032711842441,45.26025,420.4
1997,"MAXWEE","MAXWEE-1997",1997-06-12,163,6,11,0,331.1,12.5,24.4837892564103,28.0842053333333,26.2299064977893,30.6185701110494,22.5210853300366,27.6798085714286,20.9635991666667,22.62484,0.6,15.1,-14,25.6906051480365,45.96173,23.6789343252723,41.38853,29.6159367777778,41.38853,20.4764902096774,30.28213,25.0983229569892,34.55943,10.5,110.7,2.6,437.6,26.7032711842441,45.26025,420.4
1997,"KAHLUA","KAHLUA-1997",1997-06-13,164,10,10,6,331.1,12.5,24.2579995897436,28.1190246666667,26.2317138201102,30.6209714880622,22.5268325461538,27.689686043956,17.4378541666667,21.33229,0.6,15.1,-15,25.6906051480365,45.96173,23.6789343252723,41.38853,29.6159367777778,41.38853,20.4764902096774,30.28213,25.0983229569892,34.55943,10.5,110.7,2.6,437.6,26.7032711842441,45.26025,420.4
1997,"N.MAX","N.MAX-1997",1997-06-16,167,11,10,3,331.1,12.5,24.1690903119658,28.3540073333333,26.2425951411356,30.6387297223765,22.6033345708791,27.6985054945055,24.2243066666667,30.73535,0.6,15.1,-18,25.6906051480365,45.96173,23.6789343252723,41.38853,29.6159367777778,41.38853,20.4764902096774,30.28213,25.0983229569892,34.55943,10.5,110.7,2.6,437.6,26.7032711842441,45.26025,420.4
1997,"DUSTIN","DUSTIN-1997",1997-06-24,175,9,10,3,331.1,12.5,22.7231862564103,26.208304,26.2587002822609,30.6563771793448,22.9340570086081,27.9295396703297,17.84250575,25.30206,0.6,15.1,-26,25.6906051480365,45.96173,23.6789343252723,41.38853,29.6159367777778,41.38853,20.4764902096774,30.28213,25.0983229569892,34.55943,10.5,110.7,2.6,437.6,26.7032711842441,45.26025,420.4
1997,"CHIT","CHIT-1997",1997-06-25,176,7,14,3,331.1,12.5,22.6058435555556,26.0646266666667,26.2598615195364,30.6578032093282,23.0573376139194,28.0348828571429,18.9651476666667,27.63163,0.6,15.1,-27,25.6906051480365,45.96173,23.6789343252723,41.38853,29.6159367777778,41.38853,20.4764902096774,30.28213,25.0983229569892,34.55943,10.5,110.7,2.6,437.6,26.7032711842441,45.26025,420.4
1998,"N.MOG","N.MOG-1998",1998-05-27,147,9,8,4,309.3,3.2,28.6302328888889,33.329882,26.2305075490788,30.6004546029983,23.4506235650183,28.4669392307692,23.565305,28.93024,2.1,43,192,27.5127418522831,42.79779,22.6125501843137,39.86994,27.1764664722222,39.86994,25.2150425,41.30861,30.651602688172,42.02707,2.1,43,11.6,375.4,25.6906051480365,45.96173,437.6
1998,"DANG","DANG-1998",1998-06-02,153,13,14,4,309.3,1.1,28.6077673333333,32.894706,26.2245942931562,30.5992634425319,23.5575981529304,28.4922683516484,23.4291475,32.93482,0.5,43,186,27.5127418522831,42.79779,22.6125501843137,39.86994,27.1764664722222,39.86994,25.2150425,41.30861,30.651602688172,42.02707,2.1,43,11.6,375.4,25.6906051480365,45.96173,437.6
1998,"CHIT","CHIT-1998",1998-06-05,156,14,10,6,358.2,8.2,30.2057134444444,34.5521053333333,26.214338737215,30.5873234036646,23.7618566602564,28.6081642857143,25.5748258333333,33.49071,0.5,43,183,27.5127418522831,42.79779,22.6125501843137,39.86994,27.1764664722222,39.86994,25.2150425,41.30861,30.651602688172,42.02707,2.1,43,11.6,375.4,25.6906051480365,45.96173,437.6
1998,"KAHLUA","KAHLUA-1998",1998-06-08,159,15,12,5,358.2,8.2,31.2637628333333,35.800178,26.2031362631266,30.5730742476402,23.9113152774725,28.6998628571429,22.5173141666667,28.51252,0.5,43,180,27.5127418522831,42.79779,22.6125501843137,39.86994,27.1764664722222,39.86994,25.2150425,41.30861,30.651602688172,42.02707,2.1,43,11.6,375.4,25.6906051480365,45.96173,437.6
1998,"MAXWEE","MAXWEE-1998",1998-06-09,160,11,5,0,716.4,16.4,31.3642092692308,35.958536,26.2027888144869,30.573274008884,23.9072803049451,28.6678861538462,22.3620783333333,27.78746,0.5,43,179,27.5127418522831,42.79779,22.6125501843137,39.86994,27.1764664722222,39.86994,25.2150425,41.30861,30.651602688172,42.02707,2.1,43,11.6,375.4,25.6906051480365,45.96173,437.6
1998,"N.MAX","N.MAX-1998",1998-06-09,160,12,12,2,716.4,16.4,31.3642092692308,35.958536,26.2027888144869,30.573274008884,23.9072803049451,28.6678861538462,22.3620783333333,27.78746,0.5,43,179,27.5127418522831,42.79779,22.6125501843137,39.86994,27.1764664722222,39.86994,25.2150425,41.30861,30.651602688172,42.02707,2.1,43,11.6,375.4,25.6906051480365,45.96173,437.6
1998,"MOWANA","MOWANA-1998",1998-07-05,186,8,5,NA,369.5,27.1,28.1600706111111,31.9985626666667,26.1479340842445,30.5400799500278,26.2709433672161,30.5994137362637,21.8474841666667,26.91812,0.3,14.1,153,27.5127418522831,42.79779,22.6125501843137,39.86994,27.1764664722222,39.86994,25.2150425,41.30861,30.651602688172,42.02707,2.1,43,11.6,375.4,25.6906051480365,45.96173,437.6
1998,"DUSTIN","DUSTIN-1998",1998-08-12,224,9,6,0,358.8,80.6,23.2834525555556,29.5565373333333,26.1771013495264,30.5734948917268,29.6374287479187,33.7740982417582,28.0674583333333,31.96125,0.3,0.5,115,27.5127418522831,42.79779,22.6125501843137,39.86994,27.1764664722222,39.86994,25.2150425,41.30861,30.651602688172,42.02707,2.1,43,11.6,375.4,25.6906051480365,45.96173,437.6
1999,"MOGOG","MOGOG-1999",1999-05-30,150,NA,NA,NA,345.5,10.2,25.6332107777778,29.12114,26.5529718015413,31.0571177679067,21.6689141071429,26.3320298901099,21.1556275,26.68421,8.7,49.2,12,25.5516828938356,46.83,25.0880722728758,41.30861,29.6714660277778,37.99639,22.400096155914,30.54974,25.9135377419355,35.68095,8.7,49.2,7.1,359.7,27.5127418522831,42.79779,375.4
1999,"CHIT","CHIT-1999",1999-06-03,154,NA,NA,NA,345.2,4.6,24.267224,27.27102,26.5487096818855,31.0510987562465,21.9060208653846,26.6082449450549,21.1136925,24.93003,1,49.2,8,25.5516828938356,46.83,25.0880722728758,41.30861,29.6714660277778,37.99639,22.400096155914,30.54974,25.9135377419355,35.68095,8.7,49.2,7.1,359.7,27.5127418522831,42.79779,375.4
2000,"MOGOG","MOGOG-2000",2000-05-10,131,NA,NA,NA,290.2,9.6,23.7114787222222,25.8653393333333,27.2865714885657,31.9711734092171,19.1655260064103,23.4035096703297,18.4084108333333,20.53338,7.2,103.4,27,24.6460884792805,45.35311,23.1736647685185,39.84107,28.0532550833333,39.84107,20.1395964516129,27.73704,24.1469334408602,29.84715,7.2,71.3,3.1,454.7,25.5516828938356,46.83,359.7
2000,"DANG","DANG-2000",2000-06-14,166,NA,NA,NA,348.8,7,23.416160465812,26.0298486666667,27.2821804307275,31.9955279233759,21.1792767408425,25.7790749450549,18.9019475,23.02258,1.5,31,-8,24.6460884792805,45.35311,23.1736647685185,39.84107,28.0532550833333,39.84107,20.1395964516129,27.73704,24.1469334408602,29.84715,7.2,71.3,3.1,454.7,25.5516828938356,46.83,359.7
2001,"TRAVOL","TRAVOL-2001",2001-05-18,138,NA,NA,NA,287.6,10.2,25.4958655555556,29.188062,27.3845116998397,32.1479091338146,20.3161290826923,24.9509038461538,20.06123,24.44719,7.7,59.1,64,25.8722988991553,43.40452,21.3608980506536,35.99729,26.9258148,35.99729,21.2198576639785,27.45594,25.0456585215054,35.06153,7.7,59.1,4.6,418.5,24.6460884792805,45.35311,454.7
2001,"CHIT","CHIT-2001",2001-06-02,153,NA,NA,NA,287.6,2.5,24.4942177777778,28.1383113333333,27.3269870464064,32.0862403109384,21.3631049792125,26.1482634065934,21.9647816666667,26.49806,1.2,59.1,49,25.8722988991553,43.40452,21.3608980506536,35.99729,26.9258148,35.99729,21.2198576639785,27.45594,25.0456585215054,35.06153,7.7,59.1,4.6,418.5,24.6460884792805,45.35311,454.7
2001,"MOGO","MOGO-2001",2001-06-10,161,14,12,2,326.8,11.9,23.6408312905983,26.1845733333333,27.2953748187088,32.0604251304831,22.0512056019231,26.9484695604396,20.501085,23.90581,1.2,59.1,41,25.8722988991553,43.40452,21.3608980506536,35.99729,26.9258148,35.99729,21.2198576639785,27.45594,25.0456585215054,35.06153,7.7,59.1,4.6,418.5,24.6460884792805,45.35311,454.7
2001,"NULL","NULL-2001",2001-06-14,165,NA,NA,NA,326.8,11.9,23.8134049017094,26.4913766666667,27.2736567019218,32.0427045197113,22.5518895945971,27.5074517582418,20.0043966666667,23.87277,1.2,36.5,37,25.8722988991553,43.40452,21.3608980506536,35.99729,26.9258148,35.99729,21.2198576639785,27.45594,25.0456585215054,35.06153,7.7,59.1,4.6,418.5,24.6460884792805,45.35311,454.7
2002,"KWARA","KWARA-2002",2002-04-26,116,6,9,NA,206.8,45.6,28.7357549444444,33.744692,27.5541726032031,32.3672238423098,22.1014013418498,27.5418924175824,27.5180141666667,32.30512,33.8,61.1,51,28.0466559051598,46.00676,22.9593175154139,41.96873,29.5912504166667,41.96873,24.4210365591398,35.85669,29.8491187365591,40.29597,9.6,40.2,9.4,352.8,25.8722988991553,43.40452,418.5
2002,"TRAVOL","TRAVOL-2002",2002-05-08,128,4,6,0,278.1,13.8,30.8628948888889,35.9124073333333,27.5163859567844,32.315630955025,21.7252572111722,27.421893956044,23.5272791666667,27.23667,9.6,61.1,39,28.0466559051598,46.00676,22.9593175154139,41.96873,29.5912504166667,41.96873,24.4210365591398,35.85669,29.8491187365591,40.29597,9.6,40.2,9.4,352.8,25.8722988991553,43.40452,418.5
2002,"MBOMA 6","MBOMA 6-2002",2002-05-10,130,6,9,0,278.1,13.8,31.4154995,36.457392,27.511945235102,32.311220860633,21.746523520696,27.4459925274725,23.2845375,29.32811,9.6,61.1,37,28.0466559051598,46.00676,22.9593175154139,41.96873,29.5912504166667,41.96873,24.4210365591398,35.85669,29.8491187365591,40.29597,9.6,40.2,9.4,352.8,25.8722988991553,43.40452,418.5
2002,"XAKMAX","XAKMAX-2002",2002-05-11,131,NA,NA,NA,278.1,13.8,31.4490234444444,36.3099626666667,27.5094804187963,32.3090215158245,21.7425528979853,27.4124823076923,23.6047533333333,28.98406,9.6,61.1,36,28.0466559051598,46.00676,22.9593175154139,41.96873,29.5912504166667,41.96873,24.4210365591398,35.85669,29.8491187365591,40.29597,9.6,40.2,9.4,352.8,25.8722988991553,43.40452,418.5
2002,"MOGO","MOGO-2002",2002-05-13,133,12,12,10,278.1,13.8,30.7445039444444,35.363816,27.5076449579412,32.3089910272071,21.7216504163004,27.3725984615385,23.7228083333333,29.52178,9.6,40.2,34,28.0466559051598,46.00676,22.9593175154139,41.96873,29.5912504166667,41.96873,24.4210365591398,35.85669,29.8491187365591,40.29597,9.6,40.2,9.4,352.8,25.8722988991553,43.40452,418.5
2002,"PONCH","PONCH-2002",2002-05-16,136,3,NA,NA,278.1,13.8,30.3490118333333,35.3843733333333,27.5037884957905,32.3054875124931,21.7782560298535,27.386923956044,22.5987191666667,28.29331,9.6,40.2,31,28.0466559051598,46.00676,22.9593175154139,41.96873,29.5912504166667,41.96873,24.4210365591398,35.85669,29.8491187365591,40.29597,9.6,40.2,9.4,352.8,25.8722988991553,43.40452,418.5
2002,"NULL","NULL-2002",2002-05-26,146,NA,NA,NA,278.1,13.8,30.0792183333333,35.0622873333333,27.4720739089406,32.2830177901166,22.2211323576923,27.8605178021978,28.386535,34.422,9.6,40.2,21,28.0466559051598,46.00676,22.9593175154139,41.96873,29.5912504166667,41.96873,24.4210365591398,35.85669,29.8491187365591,40.29597,9.6,40.2,9.4,352.8,25.8722988991553,43.40452,418.5
2002,"ZANKUYO","ZANKUYO-2002",2002-06-04,155,NA,NA,NA,326.7,10.4,29.0786785555556,33.9658446666667,27.4532766035547,32.2725127984453,22.5774409474359,28.2958876923077,20.7920583333333,25.40143,2,40.2,12,28.0466559051598,46.00676,22.9593175154139,41.96873,29.5912504166667,41.96873,24.4210365591398,35.85669,29.8491187365591,40.29597,9.6,40.2,9.4,352.8,25.8722988991553,43.40452,418.5
2003,"ZANKUYO","ZANKUYO-2003",2003-06-08,159,NA,NA,NA,378.1,6.9,25.2427473888889,28.6331146666667,27.2829737606009,32.1157919822321,22.2118842320513,27.3296096703297,26.6768958333333,31.19215,1.7,50.6,25,28.1149980094521,46.81894,24.2201249208061,46.00676,29.7401127777778,46.00676,24.2596180913979,36.8834,28.3705663978495,41.09049,3.4,50.6,6.2,353.1,28.0466559051598,46.00676,352.8
2004,"ZANKUYO","ZANKUYO-2004",2004-06-04,156,NA,NA,NA,331.7,7.1,23.1405782777778,25.2500006666667,27.3262727360209,32.1940671960022,21.3568954994505,26.77433,17.1779458333333,22.4363,0.8,71.6,54,26.9285427252732,47.16823,24.1393699027233,41.17638,30.8806696388889,41.17638,21.9527282903226,32.81619,24.1749795698925,39.93316,3.6,71.6,4.5,414.8,28.1149980094521,46.81894,353.1
2004,"XAKMAX","XAKMAX-2004",2004-06-09,161,10,11,4,331.7,7.1,22.8197619700855,24.9205113333333,27.3223219466446,32.1853624819545,21.7674146569597,27.2121902197802,18.4052683333333,21.83626,0.8,71.6,49,26.9285427252732,47.16823,24.1393699027233,41.17638,30.8806696388889,41.17638,21.9527282903226,32.81619,24.1749795698925,39.93316,3.6,71.6,4.5,414.8,28.1149980094521,46.81894,353.1
2004,"MOGO","MOGO-2004",2004-06-11,163,21,11,2,331.7,7.1,22.9070765811966,25.0774073333333,27.3222774338739,32.1848109605775,21.9669712045788,27.4675046153846,17.3716966666667,21.65344,0.8,71.6,47,26.9285427252732,47.16823,24.1393699027233,41.17638,30.8806696388889,41.17638,21.9527282903226,32.81619,24.1749795698925,39.93316,3.6,71.6,4.5,414.8,28.1149980094521,46.81894,353.1
2005,"HEWITT","HEWITT-2005",2005-04-08,98,3,3,1,232.2,36.5,27.7625132777778,31.7020933333333,27.388035417235,32.2883263353692,24.3947451630037,29.1875034065934,25.9980075,28.2083,30.4,88.7,92,28.3994486636986,48.74412,22.8245631750545,41.48376,28.8506989166667,41.48376,24.9944746774194,34.78366,29.2250750806452,41.09477,5.1,53.5,5.7,370.6,26.9285427252732,47.16823,414.8
2005,"MOTOPI","MOTOPI-2005",2005-04-09,99,5,11,0,232.2,36.5,28.2449725555556,32.3626626666667,27.3902114287101,32.2926987784564,24.3165389267399,29.119783956044,26.98768,32.12886,30.4,88.7,91,28.3994486636986,48.74412,22.8245631750545,41.48376,28.8506989166667,41.48376,24.9944746774194,34.78366,29.2250750806452,41.09477,5.1,53.5,5.7,370.6,26.9285427252732,47.16823,414.8
2005,"ZANKUYO","ZANKUYO-2005",2005-05-17,137,9,8,6,321.7,6.4,32.4973213888889,37.4723546666667,27.3187241616825,32.1970943364797,22.6952259587912,28.2038296703297,26.8255666666667,32.14256,5.1,53.5,53,28.3994486636986,48.74412,22.8245631750545,41.48376,28.8506989166667,41.48376,24.9944746774194,34.78366,29.2250750806452,41.09477,5.1,53.5,5.7,370.6,26.9285427252732,47.16823,414.8
2005,"XAKMAX","XAKMAX-2005",2005-05-23,143,9,10,6,321.7,6.4,30.9666293888889,35.7911233333333,27.2902093930354,32.1610236979456,22.9714508763736,28.5205683516484,25.2820775,30.47217,5.1,53.5,47,28.3994486636986,48.74412,22.8245631750545,41.48376,28.8506989166667,41.48376,24.9944746774194,34.78366,29.2250750806452,41.09477,5.1,53.5,5.7,370.6,26.9285427252732,47.16823,414.8
2005,"AGATE","AGATE-2005",2005-06-10,161,5,10,0,379.4,4.4,24.6468351111111,27.6229513333333,27.2074962817084,32.0661078234314,24.5793926217949,29.9144925274725,23.1773758333333,29.73793,0.8,53.5,29,28.3994486636986,48.74412,22.8245631750545,41.48376,28.8506989166667,41.48376,24.9944746774194,34.78366,29.2250750806452,41.09477,5.1,53.5,5.7,370.6,26.9285427252732,47.16823,414.8
2005,"NEW CHIT","NEW CHIT-2005",2005-06-20,171,7,8,5,379.4,4.4,26.2938279444444,30.3368926666667,27.1686474648474,32.0376798278734,25.2632018067766,30.5709597802198,21.6003533333333,26.80004,0.8,30.4,19,28.3994486636986,48.74412,22.8245631750545,41.48376,28.8506989166667,41.48376,24.9944746774194,34.78366,29.2250750806452,41.09477,5.1,53.5,5.7,370.6,26.9285427252732,47.16823,414.8
2006,"ZANKUYO","ZANKUYO-2006",2006-05-29,149,NA,NA,NA,250.5,7.7,24.4757058333333,27.373938,27.4966075492957,32.4622017434758,19.9670018063187,25.7296815384615,22.1294191666667,27.48957,4.7,58,30,25.3230196106164,48.38036,25.4682493393246,48.74412,31.4656900833333,48.74412,20.750817344086,30.16551,23.8776000806452,33.04202,4.7,58,3.1,420.1,28.3994486636986,48.74412,370.6
2006,"MANKWE","MANKWE-2006",2006-06-02,153,NA,NA,NA,250.5,3,24.8374281111111,28.163986,27.4876388909115,32.4578333425874,20.1368553960623,25.8798118681319,18.3947033333333,23.69082,1.1,58,26,25.3230196106164,48.38036,25.4682493393246,48.74412,31.4656900833333,48.74412,20.750817344086,30.16551,23.8776000806452,33.04202,4.7,58,3.1,420.1,28.3994486636986,48.74412,370.6
2007,"MATTHEWS","MATTHEWS-2007",2007-06-02,153,NA,NA,NA,317.7,2.8,33.3558577777778,39.3701746666667,27.3163578822661,32.3505997223765,22.3716259193223,27.8948681318681,24.3946266666667,27.03936,2.3,45.7,-10,28.2254059796575,47.60641,21.77231929439,39.06409,27.8504165833333,39.06409,23.9575343736559,36.3002,31.5516875268817,47.60641,3.2,45.7,3.2,354.5,25.3230196106164,48.38036,420.1
2008,"MATTHEWS","MATTHEWS-2008",2008-06-02,154,NA,NA,NA,296.1,1.9,25.2218920555556,28.6458086666667,27.6655614912583,32.7757162076624,22.888963507326,28.4020404395604,21.8163041666667,26.48464,1.2,59.9,34,27.515565942623,46.45343,24.5130914928649,42.16699,31.5541991111111,42.16699,24.7539719086021,35.26283,26.660240483871,40.33729,5.4,59.9,9.5,398.9,28.2254059796575,47.60641,354.5
2008,"MANKWE","MANKWE-2008",2008-06-15,167,NA,NA,NA,350.7,4.8,27.3930456111111,32.126488,27.6318955542927,32.7534044530816,24.1140989368132,29.5885302197802,20.0216835833333,25.57819,1.2,27.9,21,27.515565942623,46.45343,24.5130914928649,42.16699,31.5541991111111,42.16699,24.7539719086021,35.26283,26.660240483871,40.33729,5.4,59.9,9.5,398.9,28.2254059796575,47.60641,354.5
2008,"XAKMAX","XAKMAX-2008",2008-07-11,193,NA,NA,NA,368.8,19.4,25.4836215555556,30.9190606666667,27.5775355737263,32.695539516935,27.5615824065934,33.124247032967,24.4944083333333,28.58826,0.2,27.9,-5,27.515565942623,46.45343,24.5130914928649,42.16699,31.5541991111111,42.16699,24.7539719086021,35.26283,26.660240483871,40.33729,5.4,59.9,9.5,398.9,28.2254059796575,47.60641,354.5
2009,"HAWKING","HAWKING-2009",2009-05-28,148,NA,NA,NA,370.1,10.8,24.5092418333333,27.3822606666667,27.7619173596139,32.8929892837313,20.9031996627289,26.0513450549451,22.2674275,27.5425,7.5,55.1,58,27.478632888516,50.93837,24.9922167538126,46.45343,31.67211425,46.45343,24.4915694354839,34.92411,24.8425788172043,34.67468,7.5,55.1,2.9,396.9,27.515565942623,46.45343,398.9
2009,"MATTHEWS","MATTHEWS-2009",2009-05-30,150,NA,NA,NA,370.1,10.8,25.0281177777778,28.3795313333333,27.7599340917534,32.8914072237646,20.9554144429487,26.1232578021978,26.0971491666667,34.35844,7.5,55.1,56,27.478632888516,50.93837,24.9922167538126,46.45343,31.67211425,46.45343,24.4915694354839,34.92411,24.8425788172043,34.67468,7.5,55.1,2.9,396.9,27.515565942623,46.45343,398.9
2009,"CHTB","CHTB-2009",2009-06-06,157,NA,NA,NA,428.8,9.2,26.6636967777778,30.9955606666667,27.7561200259566,32.8839536535258,21.1219480967949,26.2624398901099,22.2453283333333,31.05496,2.4,55.1,49,27.478632888516,50.93837,24.9922167538126,46.45343,31.67211425,46.45343,24.4915694354839,34.92411,24.8425788172043,34.67468,7.5,55.1,2.9,396.9,27.515565942623,46.45343,398.9
2009,"XAKMAX","XAKMAX-2009",2009-06-21,172,NA,NA,NA,428.8,9.2,26.9913552777778,31.9291893333333,27.7121859097249,32.8292237590228,22.8036971764652,28.0942247252747,19.2870268333333,25.88464,2.4,21,34,27.478632888516,50.93837,24.9922167538126,46.45343,31.67211425,46.45343,24.4915694354839,34.92411,24.8425788172043,34.67468,7.5,55.1,2.9,396.9,27.515565942623,46.45343,398.9
2010,"MATHEWS","MATHEWS-2010",2010-05-25,145,10,NA,NA,313.1,10.2,30.1097413461538,35.700888,27.8953330445626,33.1071432926152,20.8624398489011,25.7937753846154,22.2812108333333,27.59859,9,59.1,22,27.6768927180365,48.08968,23.7647070597495,44.11267,31.5684489166667,44.11267,24.1173262634409,33.03904,27.6896613172043,41.04346,9,59.1,5.9,465.3,27.478632888516,50.93837,396.9
2010,"HAWKING","HAWKING-2010",2010-06-07,158,6,NA,NA,408.2,3.2,26.6721082222222,30.4899573333333,27.8591765627932,33.0761016879511,21.7074158534799,26.6095359340659,19.5625383333333,25.09256,0.6,59.1,9,27.6768927180365,48.08968,23.7647070597495,44.11267,31.5684489166667,44.11267,24.1173262634409,33.03904,27.6896613172043,41.04346,9,59.1,5.9,465.3,27.478632888516,50.93837,396.9
2010,"XAKMAX","XAKMAX-2010",2010-06-09,160,9,NA,NA,408.2,3.2,26.4043495,30.067652,27.8527014336982,33.070118195447,21.9151500201465,26.7795332967033,23.77252,33.1733,0.6,59.1,7,27.6768927180365,48.08968,23.7647070597495,44.11267,31.5684489166667,44.11267,24.1173262634409,33.03904,27.6896613172043,41.04346,9,59.1,5.9,465.3,27.478632888516,50.93837,396.9
2010,"CHTB","CHTB-2010",2010-06-20,171,NA,NA,NA,408.2,3.2,27.2648978888889,31.6918613333333,27.840723978118,33.0685249639089,23.2058640860806,27.9250083516484,16.80928875,21.91614,0.6,39,-4,27.6768927180365,48.08968,23.7647070597495,44.11267,31.5684489166667,44.11267,24.1173262634409,33.03904,27.6896613172043,41.04346,9,59.1,5.9,465.3,27.478632888516,50.93837,396.9
2011,"HAWKING","HAWKING-2011",2011-05-27,147,6,5,2,284.7,9.7,28.863691017094,33.6516733333333,28.2626648664092,33.506716579678,19.7615371662088,25.8703717582418,18.1144483333333,23.86252,6.2,95.5,30,26.5045793505708,49.74799,23.6092923175381,37.77163,30.31049375,37.77163,21.3378942795699,31.28194,27.8453432795699,41.24532,6.2,95.5,2,465.1,27.6768927180365,48.08968,465.3
2011,"MATHEWS","MATHEWS-2011",2011-06-03,154,18,12,4,283.9,6.8,27.4085272777778,31.155548,28.2458460101349,33.4937390782898,20.4225618438645,26.5409063736264,16.95444225,23.3251,2.4,95.5,23,26.5045793505708,49.74799,23.6092923175381,37.77163,30.31049375,37.77163,21.3378942795699,31.28194,27.8453432795699,41.24532,6.2,95.5,2,465.1,27.6768927180365,48.08968,465.3
2011,"SARAH","SARAH-2011",2011-06-09,160,3,10,2,338,6.8,27.2331798333333,31.2773593333333,28.2235603080712,33.4704981787896,21.1072510865385,27.0868768131868,15.7820159166667,21.50668,2.4,95.5,17,26.5045793505708,49.74799,23.6092923175381,37.77163,30.31049375,37.77163,21.3378942795699,31.28194,27.8453432795699,41.24532,6.2,95.5,2,465.1,27.6768927180365,48.08968,465.3
2011,"CHTB","CHTB-2011",2011-06-11,162,23,11,0,338,6.8,26.3869376666667,30.3725873333333,28.2203782541197,33.4688377068295,21.3518041240842,27.3262663736264,19.50225,28.32626,2.4,95.5,15,26.5045793505708,49.74799,23.6092923175381,37.77163,30.31049375,37.77163,21.3378942795699,31.28194,27.8453432795699,41.24532,6.2,95.5,2,465.1,27.6768927180365,48.08968,465.3
2011,"MANKWE","MANKWE-2011",2011-06-14,165,10,10,0,338,6.8,25.8424701666667,29.778208,28.2224283397203,33.4675574680733,21.6378282110806,27.6096551648352,18.7848418333333,24.20022,2.4,44.2,12,26.5045793505708,49.74799,23.6092923175381,37.77163,30.31049375,37.77163,21.3378942795699,31.28194,27.8453432795699,41.24532,6.2,95.5,2,465.1,27.6768927180365,48.08968,465.3
2011,"CYCLONE","CYCLONE-2011",2011-06-24,175,4,8,6,338,6.8,24.8055857222222,29.4032466666667,28.2053076933202,33.4419100055525,22.9494197760989,28.9203592307692,16.0809093333333,20.28773,2.4,44.2,2,26.5045793505708,49.74799,23.6092923175381,37.77163,30.31049375,37.77163,21.3378942795699,31.28194,27.8453432795699,41.24532,6.2,95.5,2,465.1,27.6768927180365,48.08968,465.3
2012,"MATTHEWS","MATTHEWS-2012",2012-06-01,153,11,10,7,284.6,2.4,27.2266461111111,31.6840206666667,28.2523898204072,33.3644421043865,21.9220421907692,28.0151674725275,22.14029,26.68254,1.7,54.1,45,27.570875656949,46.5683,22.4408293929739,46.36486,30.18679175,46.36486,23.5560633413978,34.83507,28.2770521505376,44.31286,3.4,54.1,3.3,360.9,26.5045793505708,49.74799,465.1
2012,"KOBE","KOBE-2012",2012-06-05,157,NA,11,7,332.9,7.3,26.1595739444444,30.2094506666667,28.2364010167333,33.3507383287063,22.3436882805128,28.4562601098901,19.7776808333333,28.26411,1.7,54.1,41,27.570875656949,46.5683,22.4408293929739,46.36486,30.18679175,46.36486,23.5560633413978,34.83507,28.2770521505376,44.31286,3.4,54.1,3.3,360.9,26.5045793505708,49.74799,465.1
2012,"MANKWE","MANKWE-2012",2012-06-07,159,4,8,0,332.9,7.3,25.7219794444444,29.665172,28.227054000261,33.3370200610772,22.605600507619,28.7066387912088,19.8332223333333,27.93158,1.7,54.1,39,27.570875656949,46.5683,22.4408293929739,46.36486,30.18679175,46.36486,23.5560633413978,34.83507,28.2770521505376,44.31286,3.4,54.1,3.3,360.9,26.5045793505708,49.74799,465.1
2012,"HAWKING","HAWKING-2012",2012-06-16,168,7,6,3,332.9,7.3,26.7420559444444,31.976294,28.2011368838442,33.3030459689062,23.6552267477106,29.8750286813187,17.3205520833333,23.63268,1.7,27.4,30,27.570875656949,46.5683,22.4408293929739,46.36486,30.18679175,46.36486,23.5560633413978,34.83507,28.2770521505376,44.31286,3.4,54.1,3.3,360.9,26.5045793505708,49.74799,465.1
2012,"SARAH","SARAH-2012",2012-06-19,171,5,7,0,332.9,7.3,26.8608190555556,32.2243813333333,28.1881781026115,33.2927702554137,24.032230323718,30.1755267032967,20.1731883333333,25.42286,1.7,27.4,27,27.570875656949,46.5683,22.4408293929739,46.36486,30.18679175,46.36486,23.5560633413978,34.83507,28.2770521505376,44.31286,3.4,54.1,3.3,360.9,26.5045793505708,49.74799,465.1
2012,"CYCLONE","CYCLONE-2012",2012-07-16,198,9,9,NA,358,25.3,25.729181,31.8111166666667,28.1195227865834,33.2405645807885,27.5118047046703,33.3532275824176,14.8686904166667,19.18994,0.3,3.4,0,27.570875656949,46.5683,22.4408293929739,46.36486,30.18679175,46.36486,23.5560633413978,34.83507,28.2770521505376,44.31286,3.4,54.1,3.3,360.9,26.5045793505708,49.74799,465.1
2013,"BONGWE","BONGWE-2013",2013-06-12,163,NA,9,4,350.8,5.1,31.2607791666667,36.0645853333333,27.9505276075781,33.0313653192671,24.1802978065018,30.1290283516484,22.1463325,28.68441,0.9,30,32,29.339882818653,51.35299,23.9661885159695,41.98996,30.2582877222222,41.98996,24.8370161854839,35.58557,32.4780377419355,45.29171,3.6,48.7,4.9,385.4,27.570875656949,46.5683,360.9
2014,"HAT","HAT-2014",2014-06-04,155,10,10,3,323.6,6,26.1226583888889,30.133648,28.4928836554165,33.6813043531371,21.7811636575092,27.0327567032967,22.1417783333333,28.62141,0.9,31.3,3,27.017111669863,45.50408,25.5087905368736,46.17984,31.8085445277778,46.17984,23.8136941666667,36.11806,26.0468285483871,38.3316,4,31.3,3.5,372.8,29.339882818653,51.35299,385.4
2014,"ZULU","ZULU-2014",2014-06-13,164,10,9,0,323.6,6,25.2822318333333,28.944844,28.4990981322812,33.6923754303165,22.6444490274725,27.910773956044,21.8510925,27.05047,0.9,29.4,-6,27.017111669863,45.50408,25.5087905368736,46.17984,31.8085445277778,46.17984,23.8136941666667,36.11806,26.0468285483871,38.3316,4,31.3,3.5,372.8,29.339882818653,51.35299,385.4
2014,"MMABARBIE","MMABARBIE-2014",2014-06-14,165,12,10,3,323.6,6,24.7539781111111,28.3230166666667,28.4968453329105,33.690468467518,22.7309782673993,28.001253956044,21.4528455833333,28.34612,0.9,29.4,-7,27.017111669863,45.50408,25.5087905368736,46.17984,31.8085445277778,46.17984,23.8136941666667,36.11806,26.0468285483871,38.3316,4,31.3,3.5,372.8,29.339882818653,51.35299,385.4
2014,"APOKA","APOKA-2014",2014-06-18,169,12,5,3,323.6,6,23.2182178888889,26.5232666666667,28.4815274928216,33.6759382731816,23.1692433717949,28.3773610989011,20.7649116666667,26.03844,0.9,29.4,-11,27.017111669863,45.50408,25.5087905368736,46.17984,31.8085445277778,46.17984,23.8136941666667,36.11806,26.0468285483871,38.3316,4,31.3,3.5,372.8,29.339882818653,51.35299,385.4
2015,"MMABARBIE","MMABARBIE-2015",2015-05-19,139,14,13,11,253.6,6.1,30.1450268760684,35.69732,28.5262604858681,33.7000681343698,21.6150650924908,27.7274779120879,22.7728775,28.58041,3.4,57.4,68,29.299669623516,50.21406,23.7686152309368,44.04398,29.8803304722222,44.04398,24.9690204032258,36.82029,29.9648822311828,42.19806,3.4,57.4,3.3,344.7,27.017111669863,45.50408,372.8
2015,"DOMBO","DOMBO-2015",2015-05-30,150,6,8,2,253.6,6.1,32.3926576666667,37.270816,28.4657404533399,33.6422776846197,22.3526814386447,28.2325923076923,23.001475,28.95722,3.4,57.4,57,29.299669623516,50.21406,23.7686152309368,44.04398,29.8803304722222,44.04398,24.9690204032258,36.82029,29.9648822311828,42.19806,3.4,57.4,3.3,344.7,27.017111669863,45.50408,372.8
2015,"HAT","HAT-2015",2015-06-08,159,11,13,10,323,12,26.5916383888889,29.5664506666667,28.424792330075,33.6141857134925,23.195843224359,29.1030612087912,18.96958325,26.18908,1.7,57.4,48,29.299669623516,50.21406,23.7686152309368,44.04398,29.8803304722222,44.04398,24.9690204032258,36.82029,29.9648822311828,42.19806,3.4,57.4,3.3,344.7,27.017111669863,45.50408,372.8
2015,"HUNTERS","HUNTERS-2015",2015-07-05,186,7,4,0,313.7,25,27.9441977222222,33.4644253333333,28.3253664386721,33.5238299278179,26.9528750540293,32.5777346153846,21.6069993333333,28.66034,0.5,32,21,29.299669623516,50.21406,23.7686152309368,44.04398,29.8803304722222,44.04398,24.9690204032258,36.82029,29.9648822311828,42.19806,3.4,57.4,3.3,344.7,27.017111669863,45.50408,372.8
2016,"MMABARBIE","MMABARBIE-2016",2016-05-16,137,17,7,1,350.3,9.2,25.9712959444444,29.606404,28.4555837222999,33.5775278617838,21.0912562888278,27.0092576923077,24.1944166666667,27.26532,6.2,69.9,42,28.875659965255,49.31084,24.9076911171024,41.92197,31.9370747222222,41.92197,23.3132342580645,37.12307,27.2425122580645,41.95814,6.2,69.9,9.3,376.4,29.299669623516,50.21406,344.7
2016,"APOKA","APOKA-2016",2016-06-16,168,5,7,5,395.2,6.7,28.3339640555556,32.9774073333333,28.4497379167792,33.5669931227437,23.7496133694139,29.7842213186813,21.7517796666667,30.3836,1.4,24.3,11,28.875659965255,49.31084,24.9076911171024,41.92197,31.9370747222222,41.92197,23.3132342580645,37.12307,27.2425122580645,41.95814,6.2,69.9,9.3,376.4,29.299669623516,50.21406,344.7
2016,"ZULU","ZULU-2016",2016-06-17,169,11,10,10,395.2,6.7,28.0124208333333,32.6718193333333,28.446607654638,33.5640634858519,23.8846175580586,29.8722768131868,21.5924765833333,31.49796,1.4,24.3,10,28.875659965255,49.31084,24.9076911171024,41.92197,31.9370747222222,41.92197,23.3132342580645,37.12307,27.2425122580645,41.95814,6.2,69.9,9.3,376.4,29.299669623516,50.21406,344.7
2016,"MULA","MULA-2016",2016-06-22,174,11,3,2,395.2,6.7,26.4349532777778,30.6380633333333,28.4398568610228,33.5613459661836,24.3788792906593,30.1413616483516,20.9952725,26.56216,1.4,24.3,5,28.875659965255,49.31084,24.9076911171024,41.92197,31.9370747222222,41.92197,23.3132342580645,37.12307,27.2425122580645,41.95814,6.2,69.9,9.3,376.4,29.299669623516,50.21406,344.7
2016,"HAT","HAT-2016",2016-06-25,177,17,7,2,395.2,6.7,26.886885,31.6307253333333,28.4341990578869,33.5551954204477,24.8095820653846,30.6528626373626,18.9848108333333,22.72294,1.4,24.3,2,28.875659965255,49.31084,24.9076911171024,41.92197,31.9370747222222,41.92197,23.3132342580645,37.12307,27.2425122580645,41.95814,6.2,69.9,9.3,376.4,29.299669623516,50.21406,344.7
2016,"PARADISE","PARADISE-2016",2016-08-06,219,10,9,3,416.1,64.9,20.6892949111111,25.60602,28.2214775523611,33.343618299193,32.2456876895604,37.4222287912088,23.8818205,30.87914,0.4,6.2,-40,28.875659965255,49.31084,24.9076911171024,41.92197,31.9370747222222,41.92197,23.3132342580645,37.12307,27.2425122580645,41.95814,6.2,69.9,9.3,376.4,29.299669623516,50.21406,344.7
2017,"MMABARBIE","MMABARBIE-2017",2017-05-22,142,12,16,11,302.2,5.8,24.4528487008547,27.5112066666667,28.7742871685104,33.9680038729198,21.0937815895147,27.1644871428571,20.908135,26.09579,4.4,45.3,42,26.3087854396689,50.56045,24.4163101456427,48.22677,32.3948822222222,48.22677,22.4350691397849,34.19622,26.0386243817204,38.95959,4.4,45.3,3.7,439.6,28.875659965255,49.31084,376.4
2017,"APOKA","APOKA-2017",2017-06-02,153,24,15,10,302.2,1.4,28.1178915555556,33.2338393333333,28.7977844979182,33.9838960564455,21.6024449869505,27.6671796703297,20.8347958333333,26.56113,0.8,45.3,31,26.3087854396689,50.56045,24.4163101456427,48.22677,32.3948822222222,48.22677,22.4350691397849,34.19622,26.0386243817204,38.95959,4.4,45.3,3.7,439.6,28.875659965255,49.31084,376.4
2017,"ZULU","ZULU-2017",2017-06-20,171,13,8,3,355.7,4.4,26.1365581666667,31.40099,28.7962835203177,33.9741262722351,23.1615646222985,29.118397032967,19.4586565,26.44477,0.8,36,13,26.3087854396689,50.56045,24.4163101456427,48.22677,32.3948822222222,48.22677,22.4350691397849,34.19622,26.0386243817204,38.95959,4.4,45.3,3.7,439.6,28.875659965255,49.31084,376.4
2018,"BEANIE","BEANIE-2018",2018-06-15,166,8,7,NA,330.6,5.9,26.5408481111111,30.743048,29.2036735052993,34.3929013076099,22.9655650403846,28.7942146153846,17.25178775,25.0099,1,28.9,15,28.5855987657763,52.5749,23.5114951774237,41.55014,30.4514608055556,41.55014,23.6388338709677,32.59829,27.1307511827957,37.56814,5.6,53.9,3,378.8,26.3087854396689,50.56045,439.6
2018,"APOKA","APOKA-2018",2018-06-17,168,20,11,NA,330.6,5.9,26.5158706111111,30.758074,29.1996174548274,34.3802371535983,23.2501133114469,29.1084448351648,18.59061425,25.13671,1,28.9,13,28.5855987657763,52.5749,23.5114951774237,41.55014,30.4514608055556,41.55014,23.6388338709677,32.59829,27.1307511827957,37.56814,5.6,53.9,3,378.8,26.3087854396689,50.56045,439.6
2018,"MOUNTAINS","MOUNTAINS-2018",2018-07-06,187,13,13,NA,364.2,18.5,27.5069557222222,32.9117966666667,29.1092459900705,34.2733900219298,26.3838933946886,32.1262518681319,17.4253458333333,19.22265,0.5,28.9,-6,28.5855987657763,52.5749,23.5114951774237,41.55014,30.4514608055556,41.55014,23.6388338709677,32.59829,27.1307511827957,37.56814,5.6,53.9,3,378.8,26.3087854396689,50.56045,439.6
2019,"MMABARBIE","MMABARBIE-2019",2019-05-15,135,NA,4,NA,297.5,6,35.4819785299145,41.134882,28.561668687884,33.6684137896494,22.5865709961538,29.0964741758242,29.0674183333333,34.27174,4.4,48.2,46,29.9368763974429,52.76535,24.0527621808824,48.59766,31.2480039722222,48.59766,26.9663219354839,35.38888,34.1595482795699,43.37746,4.4,48.2,4,377.6,28.5855987657763,52.5749,378.8
2019,"ASCENSION","ASCENSION-2019",2019-05-29,149,NA,9,NA,297.5,6,33.9611235555556,38.56922,28.648194739389,33.7441176923077,22.4190544421245,29.0928269230769,23.1440808333333,28.00163,4.4,48.2,32,29.9368763974429,52.76535,24.0527621808824,48.59766,31.2480039722222,48.59766,26.9663219354839,35.38888,34.1595482795699,43.37746,4.4,48.2,4,377.6,28.5855987657763,52.5749,378.8
2019,"APOKA","APOKA-2019",2019-06-01,152,NA,12,6,297.5,1.6,34.0955735,39.0987333333333,28.6513938166539,33.7324520446735,22.6053409531136,29.3531812087912,22.1705858333333,27.97096,1,48.2,29,29.9368763974429,52.76535,24.0527621808824,48.59766,31.2480039722222,48.59766,26.9663219354839,35.38888,34.1595482795699,43.37746,4.4,48.2,4,377.6,28.5855987657763,52.5749,378.8
2019,"MULA","MULA-2019",2019-06-18,169,NA,12,NA,350.3,4.9,30.1517370555556,34.6121693333333,28.6359610244116,33.6767101769912,23.9542826619048,30.8463798901099,20.8951183333333,26.52697,1,37.6,12,29.9368763974429,52.76535,24.0527621808824,48.59766,31.2480039722222,48.59766,26.9663219354839,35.38888,34.1595482795699,43.37746,4.4,48.2,4,377.6,28.5855987657763,52.5749,378.8
2019,"WARRIOR","WARRIOR-2019",2019-06-24,175,NA,5,NA,350.3,4.9,29.3497163333333,33.8589446666667,28.5955463007618,33.6381126833631,24.7627233862637,31.5810293406593,19.850642,26.99394,1,37.6,6,29.9368763974429,52.76535,24.0527621808824,48.59766,31.2480039722222,48.59766,26.9663219354839,35.38888,34.1595482795699,43.37746,4.4,48.2,4,377.6,28.5855987657763,52.5749,378.8
2020,"SPRING","SPRING-2020",2020-05-27,148,NA,6,NA,135,5.6,29.8895598333333,35.1011946666667,29.3447497875729,33.9579415837104,20.3341437417582,26.490250989011,21.8855658333333,26.30672,3.8,53.2,17,27.4344982094718,47.24503,24.9643929198257,46.31311,29.8847281944444,46.31311,23.7359330322581,34.65598,27.4855903494624,40.37795,3.8,53.2,3.3,398.2,29.9368763974429,52.76535,377.6
2020,"APOKA","APOKA-2020",2020-05-29,150,NA,12,NA,135,5.6,29.0502002777778,33.7297953333333,29.3603056874594,33.9479315068493,20.4886057472527,26.6621526373626,19.6775258333333,27.27015,3.8,53.2,15,27.4344982094718,47.24503,24.9643929198257,46.31311,29.8847281944444,46.31311,23.7359330322581,34.65598,27.4855903494624,40.37795,3.8,53.2,3.3,398.2,29.9368763974429,52.76535,377.6
2020,"Mojo","Mojo-2020",2020-07-25,207,NA,NA,NA,129.9,25.4,24.121531,29.9439233333333,28.5884561093844,32.7550207407407,28.2829234880952,34.3739472527473,20.2530808333333,25.14786,0.3,3.8,-42,27.4344982094718,47.24503,24.9643929198257,46.31311,29.8847281944444,46.31311,23.7359330322581,34.65598,27.4855903494624,40.37795,3.8,53.2,3.3,398.2,29.9368763974429,52.76535,377.6
